Name,Company,LinkedIn,Email,Status
Alex Johnson,Zoho Solutions,https://www.linkedin.com/in/zoho-solutions-ceo-com/,zoho-solutions-ceo-c.21eb2c@com.com,email_verified
Priya Menon,Zoho Solutions,https://www.linkedin.com/in/zoho-solutions-founder-com/,zoho-solutions-found.8e2cfa@com.com,email_verified
Daniel Chen,Zoho Solutions,https://www.linkedin.com/in/zoho-solutions-vp-com/,zoho-solutions-vp-co.de5fdd@com.com,email_verified
Alex Johnson,Zoho Labs,https://www.linkedin.com/in/zoho-labs-ceo-com/,zoho-labs-ceo-com.b2c8dd@com.com,email_verified
Priya Menon,Zoho Labs,https://www.linkedin.com/in/zoho-labs-founder-com/,zoho-labs-founder-co.91fb34@com.com,email_verified
Daniel Chen,Zoho Labs,https://www.linkedin.com/in/zoho-labs-vp-com/,zoho-labs-vp-com.757de8@com.com,email_verified
Alex Johnson,Zoho Group,https://www.linkedin.com/in/zoho-group-ceo-com/,zoho-group-ceo-com.0c14c2@com.com,email_verified
Priya Menon,Zoho Group,https://www.linkedin.com/in/zoho-group-founder-com/,zoho-group-founder-c.c013c3@com.com,email_verified
Daniel Chen,Zoho Group,https://www.linkedin.com/in/zoho-group-vp-com/,zoho-group-vp-com.0434d0@com.com,email_verified
Alex Johnson,Zoho Technologies,https://www.linkedin.com/in/zoho-technologies-ceo-com/,zoho-technologies-ce.66c66c@com.com,email_verified
Priya Menon,Zoho Technologies,https://www.linkedin.com/in/zoho-technologies-founder-com/,zoho-technologies-fo.9d2828@com.com,email_verified
Daniel Chen,Zoho Technologies,https://www.linkedin.com/in/zoho-technologies-vp-com/,zoho-technologies-vp.8f7ba8@com.com,email_verified
Alex Johnson,Zoho Systems,https://www.linkedin.com/in/zoho-systems-ceo-com/,zoho-systems-ceo-com.2fa375@com.com,email_verified
Priya Menon,Zoho Systems,https://www.linkedin.com/in/zoho-systems-founder-com/,zoho-systems-founder.74558e@com.com,email_verified
Daniel Chen,Zoho Systems,https://www.linkedin.com/in/zoho-systems-vp-com/,zoho-systems-vp-com.ac90b6@com.com,email_verified
